-- --------------------------------------------------------
-- Host:                         sonzsz
-- Server version:               Microsoft SQL Server 2022 (RTM-GDR) (KB5029379) - 16.0.1105.1
-- Server OS:                    Windows 10 Home Single Language 10.0 <X64> (Build 22621: )
-- HeidiSQL Version:             12.3.0.6589
-- --------------------------------------------------------

/*!40101 SET @OLD_CHARACTER_SET_CLIENT=@@CHARACTER_SET_CLIENT */;
/*!40101 SET NAMES  */;
/*!40103 SET @OLD_TIME_ZONE=@@TIME_ZONE */;
/*!40103 SET TIME_ZONE='+00:00' */;
/*!40014 SET @OLD_FOREIGN_KEY_CHECKS=@@FOREIGN_KEY_CHECKS, FOREIGN_KEY_CHECKS=0 */;
/*!40101 SET @OLD_SQL_MODE=@@SQL_MODE, SQL_MODE='NO_AUTO_VALUE_ON_ZERO' */;
/*!40111 SET @OLD_SQL_NOTES=@@SQL_NOTES, SQL_NOTES=0 */;


-- Dumping database structure for store
DROP DATABASE IF EXISTS "store";
CREATE DATABASE IF NOT EXISTS "store";
USE "store";

-- Dumping structure for table store.AspNetRoleClaims
DROP TABLE IF EXISTS "AspNetRoleClaims";
CREATE TABLE IF NOT EXISTS "AspNetRoleClaims" (
	"Id" INT NOT NULL,
	"RoleId" NVARCHAR(450) NOT NULL COLLATE 'SQL_Latin1_General_CP1_CI_AS',
	"ClaimType" NVARCHAR(max) NULL DEFAULT NULL COLLATE 'SQL_Latin1_General_CP1_CI_AS',
	"ClaimValue" NVARCHAR(max) NULL DEFAULT NULL COLLATE 'SQL_Latin1_General_CP1_CI_AS',
	FOREIGN KEY INDEX "FK_AspNetRoleClaims_AspNetRoles_RoleId" ("RoleId"),
	PRIMARY KEY ("Id"),
	CONSTRAINT "FK_AspNetRoleClaims_AspNetRoles_RoleId" FOREIGN KEY ("RoleId") REFERENCES "AspNetRoles" ("Id") ON UPDATE NO_ACTION ON DELETE CASCADE
);

-- Dumping data for table store.AspNetRoleClaims: -1 rows
/*!40000 ALTER TABLE "AspNetRoleClaims" DISABLE KEYS */;
/*!40000 ALTER TABLE "AspNetRoleClaims" ENABLE KEYS */;

-- Dumping structure for table store.AspNetRoles
DROP TABLE IF EXISTS "AspNetRoles";
CREATE TABLE IF NOT EXISTS "AspNetRoles" (
	"Id" NVARCHAR(450) NOT NULL COLLATE 'SQL_Latin1_General_CP1_CI_AS',
	"Name" NVARCHAR(256) NULL DEFAULT NULL COLLATE 'SQL_Latin1_General_CP1_CI_AS',
	"NormalizedName" NVARCHAR(256) NULL DEFAULT NULL COLLATE 'SQL_Latin1_General_CP1_CI_AS',
	"ConcurrencyStamp" NVARCHAR(max) NULL DEFAULT NULL COLLATE 'SQL_Latin1_General_CP1_CI_AS',
	PRIMARY KEY ("Id")
);

-- Dumping data for table store.AspNetRoles: -1 rows
/*!40000 ALTER TABLE "AspNetRoles" DISABLE KEYS */;
INSERT INTO "AspNetRoles" ("Id", "Name", "NormalizedName", "ConcurrencyStamp") VALUES
	('0cd94cf9-3267-46c1-8a6c-fd8079b37b01', 'seler', 'SELER', NULL),
	('b5cb8530-fc09-4c1a-91ee-2223c22a2524', 'Admin', 'ADMIN', NULL);
/*!40000 ALTER TABLE "AspNetRoles" ENABLE KEYS */;

-- Dumping structure for table store.AspNetUserClaims
DROP TABLE IF EXISTS "AspNetUserClaims";
CREATE TABLE IF NOT EXISTS "AspNetUserClaims" (
	"Id" INT NOT NULL,
	"UserId" NVARCHAR(450) NOT NULL COLLATE 'SQL_Latin1_General_CP1_CI_AS',
	"ClaimType" NVARCHAR(max) NULL DEFAULT NULL COLLATE 'SQL_Latin1_General_CP1_CI_AS',
	"ClaimValue" NVARCHAR(max) NULL DEFAULT NULL COLLATE 'SQL_Latin1_General_CP1_CI_AS',
	FOREIGN KEY INDEX "FK_AspNetUserClaims_AspNetUsers_UserId" ("UserId"),
	PRIMARY KEY ("Id"),
	CONSTRAINT "FK_AspNetUserClaims_AspNetUsers_UserId" FOREIGN KEY ("UserId") REFERENCES "AspNetUsers" ("Id") ON UPDATE NO_ACTION ON DELETE CASCADE
);

-- Dumping data for table store.AspNetUserClaims: -1 rows
/*!40000 ALTER TABLE "AspNetUserClaims" DISABLE KEYS */;
/*!40000 ALTER TABLE "AspNetUserClaims" ENABLE KEYS */;

-- Dumping structure for table store.AspNetUserLogins
DROP TABLE IF EXISTS "AspNetUserLogins";
CREATE TABLE IF NOT EXISTS "AspNetUserLogins" (
	"LoginProvider" NVARCHAR(450) NOT NULL COLLATE 'SQL_Latin1_General_CP1_CI_AS',
	"ProviderKey" NVARCHAR(450) NOT NULL COLLATE 'SQL_Latin1_General_CP1_CI_AS',
	"ProviderDisplayName" NVARCHAR(max) NULL DEFAULT NULL COLLATE 'SQL_Latin1_General_CP1_CI_AS',
	"UserId" NVARCHAR(450) NOT NULL COLLATE 'SQL_Latin1_General_CP1_CI_AS',
	FOREIGN KEY INDEX "FK_AspNetUserLogins_AspNetUsers_UserId" ("UserId"),
	PRIMARY KEY ("LoginProvider", "ProviderKey"),
	CONSTRAINT "FK_AspNetUserLogins_AspNetUsers_UserId" FOREIGN KEY ("UserId") REFERENCES "AspNetUsers" ("Id") ON UPDATE NO_ACTION ON DELETE CASCADE
);

-- Dumping data for table store.AspNetUserLogins: -1 rows
/*!40000 ALTER TABLE "AspNetUserLogins" DISABLE KEYS */;
/*!40000 ALTER TABLE "AspNetUserLogins" ENABLE KEYS */;

-- Dumping structure for table store.AspNetUserRoles
DROP TABLE IF EXISTS "AspNetUserRoles";
CREATE TABLE IF NOT EXISTS "AspNetUserRoles" (
	"UserId" NVARCHAR(450) NOT NULL COLLATE 'SQL_Latin1_General_CP1_CI_AS',
	"RoleId" NVARCHAR(450) NOT NULL COLLATE 'SQL_Latin1_General_CP1_CI_AS',
	FOREIGN KEY INDEX "FK_AspNetUserRoles_AspNetRoles_RoleId" ("RoleId"),
	FOREIGN KEY INDEX "FK_AspNetUserRoles_AspNetUsers_UserId" ("UserId"),
	PRIMARY KEY ("RoleId", "UserId"),
	CONSTRAINT "FK_AspNetUserRoles_AspNetRoles_RoleId" FOREIGN KEY ("RoleId") REFERENCES "AspNetRoles" ("Id") ON UPDATE NO_ACTION ON DELETE CASCADE,
	CONSTRAINT "FK_AspNetUserRoles_AspNetUsers_UserId" FOREIGN KEY ("UserId") REFERENCES "AspNetUsers" ("Id") ON UPDATE NO_ACTION ON DELETE CASCADE
);

-- Dumping data for table store.AspNetUserRoles: -1 rows
/*!40000 ALTER TABLE "AspNetUserRoles" DISABLE KEYS */;
INSERT INTO "AspNetUserRoles" ("UserId", "RoleId") VALUES
	('adaac176-6356-4c2d-a3e1-928e51b5d21d', 'b5cb8530-fc09-4c1a-91ee-2223c22a2524');
/*!40000 ALTER TABLE "AspNetUserRoles" ENABLE KEYS */;

-- Dumping structure for table store.AspNetUsers
DROP TABLE IF EXISTS "AspNetUsers";
CREATE TABLE IF NOT EXISTS "AspNetUsers" (
	"Id" NVARCHAR(450) NOT NULL COLLATE 'SQL_Latin1_General_CP1_CI_AS',
	"Name" NVARCHAR(max) NOT NULL COLLATE 'SQL_Latin1_General_CP1_CI_AS',
	"UserName" NVARCHAR(256) NULL DEFAULT NULL COLLATE 'SQL_Latin1_General_CP1_CI_AS',
	"NormalizedUserName" NVARCHAR(256) NULL DEFAULT NULL COLLATE 'SQL_Latin1_General_CP1_CI_AS',
	"Email" NVARCHAR(256) NULL DEFAULT NULL COLLATE 'SQL_Latin1_General_CP1_CI_AS',
	"NormalizedEmail" NVARCHAR(256) NULL DEFAULT NULL COLLATE 'SQL_Latin1_General_CP1_CI_AS',
	"EmailConfirmed" BIT NOT NULL,
	"PasswordHash" NVARCHAR(max) NULL DEFAULT NULL COLLATE 'SQL_Latin1_General_CP1_CI_AS',
	"SecurityStamp" NVARCHAR(max) NULL DEFAULT NULL COLLATE 'SQL_Latin1_General_CP1_CI_AS',
	"ConcurrencyStamp" NVARCHAR(max) NULL DEFAULT NULL COLLATE 'SQL_Latin1_General_CP1_CI_AS',
	"PhoneNumber" NVARCHAR(max) NULL DEFAULT NULL COLLATE 'SQL_Latin1_General_CP1_CI_AS',
	"PhoneNumberConfirmed" BIT NOT NULL,
	"TwoFactorEnabled" BIT NOT NULL,
	"LockoutEnd" DATETIMEOFFSET NULL DEFAULT NULL,
	"LockoutEnabled" BIT NOT NULL,
	"AccessFailedCount" INT NOT NULL,
	"Address" NVARCHAR(max) NOT NULL DEFAULT 'N''''' COLLATE 'SQL_Latin1_General_CP1_CI_AS',
	"DateTime" DATETIME2(7) NOT NULL DEFAULT '''0001-01-01T00:00:00.0000000''',
	PRIMARY KEY ("Id")
);

-- Dumping data for table store.AspNetUsers: -1 rows
/*!40000 ALTER TABLE "AspNetUsers" DISABLE KEYS */;
INSERT INTO "AspNetUsers" ("Id", "Name", "UserName", "NormalizedUserName", "Email", "NormalizedEmail", "EmailConfirmed", "PasswordHash", "SecurityStamp", "ConcurrencyStamp", "PhoneNumber", "PhoneNumberConfirmed", "TwoFactorEnabled", "LockoutEnd", "LockoutEnabled", "AccessFailedCount", "Address", "DateTime") VALUES
	('2240ee7b-1657-43bb-96e7-c357e27468df', 'sonztz123', 'sonztz123', 'SONZTZ123', NULL, NULL, b'0', 'AQAAAAIAAYagAAAAEOpVmh1ywXttpnVJKTbtEKoTB/hb0wzwCCbkd4GwknMaf8aisJupi36t3alG2YqkdQ==', 'LSUCORXLDGWJV4NCMCCK27RNMJPKG2FN', '1f20e873-b384-4e66-a371-76f38a6664ba', NULL, b'0', b'0', NULL, b'1', 0, '123 Main St', '2023-10-03 00:00:00.0000000'),
	('8589443b-1bcd-43bf-a32e-e91c19069251', 'nguyên văn sơn', 'sonv', 'SONV', 'nguyenvanson@gmail.com', 'NGUYENVANSON@GMAIL.COM', b'0', 'AQAAAAIAAYagAAAAEIe4iHtM+bMVEMkxvP3bb6k4oAlelJzvDIcj7Zq/e92oMbFHey/VYL7s2NOFnal5Sw==', 'X4KFNW3X3TAQNYMKFVITSQS6KTBTF7QX', '577bea01-bb7a-461f-bd33-d9dfa6791657', '037255270144543', b'0', b'0', NULL, b'1', 0, 'Dương Nội Hà Đông Hà Nội u', '2023-10-22 07:17:39.6361110'),
	('adaac176-6356-4c2d-a3e1-928e51b5d21d', 'vanSon', 'vanSon', 'VANSON', 'son@gmail.com', 'SON@GMAIL.COM', b'0', 'AQAAAAIAAYagAAAAEI1PmXDXXWqPXV3/mHBskQH9ThC01UJWMiixZzx+JjjV0nkxhOE0YnU5w6r3814hzQ==', '3UKCXRKY4TOI5RDAXKYG2FGC6LFHJ3AO', '69d3b28c-0ff5-4f7c-af94-e16e87cd0026', '0372552701', b'0', b'0', NULL, b'1', 0, 'kien truc ha noi', '0001-01-01 00:00:00.0000000'),
	('b3a8623a-c23a-4e0c-a12b-0f81b5d0c4b6', 'son2002e', 'son2002e', 'SON2002E', 'nguyenvanson@gmail.com', 'NGUYENVANSON@GMAIL.COM', b'0', 'AQAAAAIAAYagAAAAEM0YqdQpLaMNQUsXtjxh5vjmtmYAc567sjjr5vLyLQwtxVVHf+x5c304jG4y/UEc1g==', 'WNECZCQLYZTIQHGSHBFIZPMUV7JT22LL', '9feef859-921c-4d23-bd99-9c517bbeba2f', '0372552701', b'0', b'0', NULL, b'1', 0, '123 Main St', '2023-09-30 00:00:00.0000000'),
	('deed6960-932d-4762-91c2-dab72e4d5283', 'son2022', 'son2022', 'SON2022', NULL, NULL, b'0', 'AQAAAAIAAYagAAAAENqvweUV2RNsyr9Emzb3UJzky6RpiSdUOttxoVqTuwzaQF8ypKUtzvh9JSl9Nw2+8Q==', 'ZHC7APFH7AMHPSLK5XPBWGGMQKITVYLD', 'e8396de6-204a-495f-a161-997bcdc52940', NULL, b'0', b'0', NULL, b'1', 0, '', '2023-10-05 00:00:00.0000000');
/*!40000 ALTER TABLE "AspNetUsers" ENABLE KEYS */;

-- Dumping structure for table store.AspNetUserTokens
DROP TABLE IF EXISTS "AspNetUserTokens";
CREATE TABLE IF NOT EXISTS "AspNetUserTokens" (
	"UserId" NVARCHAR(450) NOT NULL COLLATE 'SQL_Latin1_General_CP1_CI_AS',
	"LoginProvider" NVARCHAR(450) NOT NULL COLLATE 'SQL_Latin1_General_CP1_CI_AS',
	"Name" NVARCHAR(450) NOT NULL COLLATE 'SQL_Latin1_General_CP1_CI_AS',
	"Value" NVARCHAR(max) NULL DEFAULT NULL COLLATE 'SQL_Latin1_General_CP1_CI_AS',
	FOREIGN KEY INDEX "FK_AspNetUserTokens_AspNetUsers_UserId" ("UserId"),
	PRIMARY KEY ("LoginProvider", "Name", "UserId"),
	CONSTRAINT "FK_AspNetUserTokens_AspNetUsers_UserId" FOREIGN KEY ("UserId") REFERENCES "AspNetUsers" ("Id") ON UPDATE NO_ACTION ON DELETE CASCADE
);

-- Dumping data for table store.AspNetUserTokens: -1 rows
/*!40000 ALTER TABLE "AspNetUserTokens" DISABLE KEYS */;
/*!40000 ALTER TABLE "AspNetUserTokens" ENABLE KEYS */;

-- Dumping structure for table store.categories
DROP TABLE IF EXISTS "categories";
CREATE TABLE IF NOT EXISTS "categories" (
	"ID" INT NOT NULL,
	"Name" NVARCHAR(255) NULL DEFAULT NULL COLLATE 'SQL_Latin1_General_CP1_CI_AS',
	PRIMARY KEY ("ID")
);

-- Dumping data for table store.categories: -1 rows
/*!40000 ALTER TABLE "categories" DISABLE KEYS */;
INSERT INTO "categories" ("ID", "Name") VALUES
	(1, 'máy tính'),
	(2, 'điện thoại'),
	(3, 'phụ kiện'),
	(4, 'tivi');
/*!40000 ALTER TABLE "categories" ENABLE KEYS */;


-- Dumping structure for table store.orderitems
DROP TABLE IF EXISTS "orderitems";
CREATE TABLE IF NOT EXISTS "orderitems" (
	"order_items_id" INT NOT NULL,
	"order_id" INT NULL DEFAULT NULL,
	"product_id" INT NULL DEFAULT NULL,
	"quantity" INT NULL DEFAULT NULL,
	FOREIGN KEY INDEX "FK_orderitems_orders" ("order_id"),
	FOREIGN KEY INDEX "FK_orderitems_products1" ("product_id"),
	PRIMARY KEY ("order_items_id"),
	CONSTRAINT "FK_orderitems_products1" FOREIGN KEY ("product_id") REFERENCES "products" ("ID") ON UPDATE SET_NULL ON DELETE SET_NULL,
	CONSTRAINT "FK_orderitems_orders" FOREIGN KEY ("order_id") REFERENCES "orders" ("order_id") ON UPDATE SET_NULL ON DELETE CASCADE
);

-- Dumping data for table store.orderitems: -1 rows
/*!40000 ALTER TABLE "orderitems" DISABLE KEYS */;
INSERT INTO "orderitems" ("order_items_id", "order_id", "product_id", "quantity") VALUES
	(122, 55, 33, 4),
	(123, 55, 34, 3),
	(124, 55, 35, 3),
	(125, 55, 36, 3),
	(126, 56, 33, 1),
	(127, 56, 35, 1),
	(128, 57, 33, 1),
	(129, 58, 33, 1),
	(130, 59, 33, 1);
/*!40000 ALTER TABLE "orderitems" ENABLE KEYS */;

-- Dumping structure for table store.orders
DROP TABLE IF EXISTS "orders";
CREATE TABLE IF NOT EXISTS "orders" (
	"order_id" INT NOT NULL,
	"order_date" DATE NULL DEFAULT NULL,
	"status" INT NULL DEFAULT NULL,
	"user_id" NVARCHAR(50) NULL DEFAULT NULL COLLATE 'SQL_Latin1_General_CP1_CI_AS',
	FOREIGN KEY INDEX "FK_orders_Status" ("status"),
	FOREIGN KEY INDEX "FK_orders_users" ("user_id"),
	PRIMARY KEY ("order_id"),
	CONSTRAINT "FK_orders_Status" FOREIGN KEY ("status") REFERENCES "Status" ("Status_id") ON UPDATE SET_NULL ON DELETE SET_NULL,
	CONSTRAINT "FK_orders_users" FOREIGN KEY ("user_id") REFERENCES "users" ("user_id") ON UPDATE NO_ACTION ON DELETE NO_ACTION
);

-- Dumping data for table store.orders: -1 rows
/*!40000 ALTER TABLE "orders" DISABLE KEYS */;
INSERT INTO "orders" ("order_id", "order_date", "status", "user_id") VALUES
	(55, '2023-10-20', 0, 'b3a8623a-c23a-4e0c-a12b-0f81b5d0c4b6'),
	(56, '2023-10-22', 0, 'adaac176-6356-4c2d-a3e1-928e51b5d21d'),
	(57, '2023-10-22', 1, '8589443b-1bcd-43bf-a32e-e91c19069251'),
	(58, '2023-10-22', 2, '8589443b-1bcd-43bf-a32e-e91c19069251'),
	(59, '2023-10-22', 2, '8589443b-1bcd-43bf-a32e-e91c19069251');
/*!40000 ALTER TABLE "orders" ENABLE KEYS */;

-- Dumping structure for table store.products
DROP TABLE IF EXISTS "products";
CREATE TABLE IF NOT EXISTS "products" (
	"ID" INT NOT NULL,
	"Name" VARCHAR(255) NULL DEFAULT NULL COLLATE 'SQL_Latin1_General_CP1_CI_AS',
	"Description" NTEXT NULL DEFAULT NULL COLLATE 'SQL_Latin1_General_CP1_CI_AS',
	"price" FLOAT NULL DEFAULT NULL,
	"ImageURL" VARCHAR(255) NULL DEFAULT NULL COLLATE 'SQL_Latin1_General_CP1_CI_AS',
	"stockquantity" INT NULL DEFAULT NULL,
	PRIMARY KEY ("ID")
);

-- Dumping data for table store.products: -1 rows
/*!40000 ALTER TABLE "products" DISABLE KEYS */;
INSERT INTO "products" ("ID", "Name", "Description", "price", "ImageURL", "stockquantity") VALUES
	(33, 'iPhone 15 ', 'Screen:
OLED, 68 color ratio, 144Hz, HDR10+, Dolby Vision
6.67 inches, 1.5K (1220 x 2712 pixels), 20:9 ratio


Operating system:
Android 12, MIUI 13


Rear camera:
108 MP, f/1.6 (wide angle), PDAF, OIS
8 MP,f/2.2, 120° (ultra wide)
2 MP, f/2.4 (macro)
Video recording: 4K@30/60fps, 1080p@30/60/120/240/960fps


Front camera:
20 MP (wide angle), HDR
Video recording: 080p@30/60fps, 720p@120fps


CPU:
Qualcomm SM8475 Snapdragon 8+ 1st Generation (4nm)
8 cores (1x3.19 GHz & 3x2.75 GHz & 4x1.80 GHz)
GPU: Adreno 730


DAM:
8-12GB


Internal memory:
128-512GB, UFS 3.1


SIM card:
2 SIM, NanoSIM


Battery capacity:
Li-Po 5000 mAh
Fast transmission 120W, 100 in 19min (administered)


Design:
Bar + Touch', 200000, '/images/15pmxanh.png', 47),
	(34, 'TV', 'fds dfgsdf sdf', 200000, '/images/xiaomi-ra-mat-tivi-mi-pro-moi-43-inch-4k-ma-chua-den-5-trieu-dong-2.jpg', 543445),
	(35, 'K50 ULTRA', 'c? ngã', 200000, '/images/k50ultra.jpg', 54),
	(36, 'máy tính sách tay ', 'không có thông tin gì c?', 200000, '/images/dell inspiron.jpg', 52);
/*!40000 ALTER TABLE "products" ENABLE KEYS */;



-- Dumping structure for table store.Status
DROP TABLE IF EXISTS "Status";
CREATE TABLE IF NOT EXISTS "Status" (
	"Status_id" INT NOT NULL,
	"Status_Name" VARCHAR(50) NULL DEFAULT NULL COLLATE 'SQL_Latin1_General_CP1_CI_AS',
	PRIMARY KEY ("Status_id")
);

-- Dumping data for table store.Status: -1 rows
/*!40000 ALTER TABLE "Status" DISABLE KEYS */;
INSERT INTO "Status" ("Status_id", "Status_Name") VALUES
	(0, 'chua thanh toan'),
	(1, 'da thanh toan'),
	(2, 'ship cod'),
	(3, 'Dang giao hang'),
	(4, 'Da giao');
/*!40000 ALTER TABLE "Status" ENABLE KEYS */;

-- Dumping structure for table store.sysdiagrams
DROP TABLE IF EXISTS "sysdiagrams";
CREATE TABLE IF NOT EXISTS "sysdiagrams" (
	"name" NVARCHAR(128) NOT NULL COLLATE 'SQL_Latin1_General_CP1_CI_AS',
	"principal_id" INT NOT NULL,
	"diagram_id" INT NOT NULL,
	"version" INT NULL DEFAULT NULL,
	"definition" VARBINARY NULL DEFAULT NULL,
	PRIMARY KEY ("diagram_id"),
	UNIQUE INDEX "UK_principal_name" ("name", "principal_id")
);

-- Dumping data for table store.sysdiagrams: -1 rows
/*!40000 ALTER TABLE "sysdiagrams" DISABLE KEYS */;
INSERT INTO "sysdiagrams" ("name", "principal_id", "diagram_id", "version", "definition") VALUES
	('Diagram_0', 1, 19, 1, _binary 0xd0cf11e0a1b11ae1000000000000000000000000000000003e000300feff0900060000000000000000000000010000000100000000000000001000002c00000001000000feffffff0000000000000000fffffffffffffffffffffffffffffffffffffffffffffffffffffffffffffffffffffffffffffffffffffffffffffffffffffffffffffffffffffffffffffffffffffffffffffffffffffffffffffffffffffffffffffffffffffffffffffffffffffffffffffffffffffffffffffffffffffffffffffffffffffffffffffffffffffffffffffffffffffffffffffffffffffffffffffffffffffffffffffffffffffffffffffffffffffffffffffffffffffffffffffffffffffffffffffffffffffffffffffffffffffffffffffffffffffffffffffffffffffffffffffffffffffffffffffffffffffffffffffffffffffffffffffffffffffffffffffffffffffffffffffffffffffffffffffffffffffffffffffffffffffffffffffffffffffffffffffffffffffffffffffffffffffffffffffffffffffffffffffffffffffffffffffffffffffffffffffffffffffffffffffffffffffffffffffffffffffffffffffffffffffffffffffffffffffffffffffffffffffffffffffffffffffffffffffffffffffffffffffffffffffffffffffffffffffffffffffffffffffffffffffffffffffffffffffffffdffffff2f000000030000000400000005000000060000000700000008000000090000000a0000000b0000000c0000000d0000000e0000000f000000100000001100000012000000130000001400000015000000160000001700000018000000190000001a0000001b0000001c0000001d0000001e0000001f000000200000002100000022000000230000002400000025000000260000002700000028000000290000002a0000002b000000fefffffffeffffff2e000000fefffffffeffffffffffffffffffffffffffffffffffffffffffffffffffffffffffffffffffffffffffffffffffffffffffffffffffffffffffffffffffffffffffffffffffffffffffffffffffffffffffffffffffffffffffffffffffffffffffffffffffffffffffffffffffffffffffffffffffffffffffffffffffffffffffffffffffffffffffffffffffffffffffffffffffffffffffffffffffffffffffffffffffffffffffffffffffffffffffffffffffffffffffffffffffffffffffffffffffffffffffffffffffffffffffffffffffffffffffffffffffffffffffffffffffffffffffffffffffffffffffffffffffffffffffffffffffffffffffffffffffffffffffffffffffffffffffffffffffffffffffffffffffffffffffffffffffffffffffffffffffffffffffffffffffffffffffffffffffffffffffffffffffffff52006f006f007400200045006e00740072007900000000000000000000000000000000000000000000000000000000000000000000000000000000000000000016000500ffffffffffffffff0200000000000000000000000000000000000000000000000000000000000000d0a4986dd2f4d9012d000000c00300000000000044006400730058004d004c00530074007200650061006d00000000000000000000000000000000000000000000000000000000000000000000000000000000001a000201ffffffffffffffffffffffff00000000000000000000000000000000000000000000000000000000000000000000000002000000e65200000000000053006300680065006d00610020005500440056002000440065006600610075006c00740000000000000000000000000000000000000000000000000000000000260002010100000003000000ffffffff000000000000000000000000000000000000000000000000000000000000000000000000000000001600000000000000440053005200450046002d0053004300480045004d0041002d0043004f004e00540045004e0054005300000000000000000000000000000000000000000000002c000201ffffffff04000000ffffffff0000000000000000000000000000000000000000000000000000000000000000000000000100000032030000000000003c6464733e3c6469616772616d20666f6e74636c7369643d227b37374432433932442d373737392d313144382d393037302d3030303635423834304439437d22206d6f75736569636f6e636c7369643d227b30424533353230342d384639312d313143452d394445332d3030414130303442423835317d222064656661756c746c61796f75743d224d534444532e52656374696c696e656172222064656661756c746c696e65726f7574653d224d534444532e52656374696c696e656172222076657273696f6e3d223722206e6578746f626a6563743d22313422207363616c653d22313030222070616765627265616b616e63686f72783d2230222070616765627265616b616e63686f72793d2230222070616765627265616b73697a65783d2230222070616765627265616b73697a65793d223022207363726f6c6c6c6566743d223022207363726f6c6c746f703d2234343130222067726964783d22313530222067726964793d2231353022206d617267696e783d223530303022206d617267696e793d223530303022207a6f6f6d3d223130302220783d2233323539372220793d22323330373222206261636b636f6c6f723d222d32313437343833363433222064656661756c7470657273697374656e63653d223322205072696e74506167654e756d626572734d6f64653d223322205072696e744d617267696e546f703d223022205072696e744d617267696e426f74746f6d3d2236333522205072696e744d617267696e4c6566743d223022205072696e744d617267696e52696768743d223022206d61727175656573656c656374696f6e6d6f64653d223122206d6f757365706f696e7465723d22302220736e6170746f677269643d223122206175746f74797065616e6e6f746174696f6e3d2231222073686f777363726f6c6c626172733d223122207669657770616765627265616b733d22302220646f6e6f74666f726365636f6e6e6563746f7273626568696e647368617065733d2231223e3c666f6e743e3c646473786d6c6f626a65637473747265616d777261707065722062696e6172793d22303030303038303033303030303030303030303230303030222f3e3c2f666f6e743e3c6d6f75736569636f6e3e3c646473786d6c6f626a65637473747265616d777261707065722062696e6172793d2236633734303030303030303030303030222f3e3c2f6d6f75736569636f6e3e3c2f6469616772616d3e3c6c61796f75746d616e616765723e3c646473786d6c6f626a3e3c70726f7065727479206e616d653d227363685f6c6162656c735f76697369626c65222076616c75653d22302220766172747970653d223131222f3e3c2f646473786d6c6f626a3e3c2f6c61796f75746d616e616765723e3c646473636f6e74726f6c20636f6e74726f6c70726f6769643d227b36323341433037352d324337372d343837332d383833442d3933304234333634423442437d2220746f6f6c7469703d226f726465726974656d7322206c6566743d22302220746f703d223733353022206c6f676963616c69643d22312220636f6e74726f6c69643d223122206d617374657269643d2230222068696e74313d2230222068696e74323d2230222077696474683d223537363822206865696768743d223337333122206e6f726573697a653d223022206e6f6d6f76653d223022206e6f64656661756c74617474616368706f696e74733d223022206175746f647261673d2230222075736564656661756c7469646473686170653d2230222073656c65637461626c653d2231222073686f7773656c656374696f6e68616e646c65733d22302220616c6c6f776e756467696e673d223122206973616e6e6f746174696f6e3d22302220646f6e746175746f6c61796f75743d2230222067726f7570636f6c6c61707365643d2230222074616273746f703d2231222076697369626c653d22312220736e6170746f677269643d2231223e3c636f6e74726f6c3e3c646473786d6c6f626a65637473747265616d696e6974777261707065722062696e6172793d22323134333334313230383030303030303838313630303030393330653030303037383536333431323037303030303030313430313030303036663030373230303634303036353030373230303639303037343030363530303664303037333030303030303030303030303030303030303030303030303030303030303030303030303030303030303030303030303030303030303030303030303030303030303030303030303030303030303030303030303030303030303030303030303030303030303030303030303030303030303030303030303030303030303030303030303030303030303030303030303030303030303030303030303030303030303030303030303030303030303030303030303030303030303030303030303030303030303030303030303030303030303030303030303030303030303030303030303030303030303030303030303030303030303030303030303030303030303030303030303030303030303030303030303030303030303030303030303030303030303030303030303030303030303030303030303030303030303030303030303030303030303030303030303030303030303030303030303030303030303030303030303030303030303030303030303030303030303030303030303030303030303030303030303030303030303030303030303030303030303030303030303030303030303030303030303030303030303030303030303030303030303030303030303030303130303030303030353030303030303534303030303030326330303030303032633030303030303263303030303030333430303030303030303030303030303030303030303030323232393030303036353135303030303030303030303030326430313030303030373030303030303063303030303030303730303030303031633031303030303036303930303030363230373030303034383033303030303161303430303030646630323030303065633034303030303237303630303030623130333030303032373036303030306362303730303030353530353030303030303030303030303031303030303030383831363030303039333065303030303030303030303030303430303030303030343030303030303032303030303030303230303030303031633031303030306635306130303030303030303030303030313030303030303339313330303030303630613030303030303030303030303033303030303030303330303030303030323030303030303032303030303030316330313030303030363039303030303031303030303030303030303030303033393133303030303334303330303030303030303030303030303030303030303030303030303030303230303030303030323030303030303163303130303030303630393030303030303030303030303030303030303030643133313030303030393233303030303030303030303030303030303030303030643030303030303034303030303030303430303030303031633031303030303036303930303030616130613030303039303036303030303738353633343132303430303030303035653030303030303031303030303030303130303030303030623030303030303030303030303030303130303030303030323030303030303033303030303030303430303030303030353030303030303036303030303030303730303030303030383030303030303039303030303030306130303030303030343030303030303634303036323030366630303030303030623030303030303666303037323030363430303635303037323030363930303734303036353030366430303733303030303030222f3e3c2f636f6e74726f6c3e3c6c61796f75746f626a6563743e3c646473786d6c6f626a3e3c70726f7065727479206e616d653d224163746976655461626c65566965774d6f6465222076616c75653d22312220766172747970653d2238222f3e3c70726f7065727479206e616d653d225461626c65566965774d6f64653a30222076616c75653d22342c302c3238342c302c323331302c312c313839302c352c313236302220766172747970653d2238222f3e3c70726f7065727479206e616d653d225461626c65566965774d6f64653a31222076616c75653d22322c302c3238342c302c323830352220766172747970653d2238222f3e3c70726f7065727479206e616d653d225461626c65566965774d6f64653a32222076616c75653d22322c302c3238342c302c323331302220766172747970653d2238222f3e3c70726f7065727479206e616d653d225461626c65566965774d6f64653a33222076616c75653d22322c302c3238342c302c323331302220766172747970653d2238222f3e3c70726f7065727479206e616d653d225461626c65566965774d6f64653a34222076616c75653d22342c302c3238342c302c323331302c31322c323733302c31312c313638302220766172747970653d2238222f3e3c2f646473786d6c6f626a3e3c2f6c61796f75746f626a6563743e3c73686170652067726f7570736861706569643d2230222067726f75706e6f64653d2230222f3e3c2f646473636f6e74726f6c3e3c646473636f6e74726f6c20636f6e74726f6c70726f6769643d227b36323341433037352d324337372d343837332d383833442d3933304234333634423442437d2220746f6f6c7469703d226f726465727322206c6566743d22302220746f703d22313335303022206c6f676963616c69643d22322220636f6e74726f6c69643d223222206d617374657269643d2230222068696e74313d2230222068696e74323d2230222077696474683d223537363822206865696768743d223337333122206e6f726573697a653d223022206e6f6d6f76653d223022206e6f64656661756c74617474616368706f696e74733d223022206175746f647261673d2230222075736564656661756c7469646473686170653d2230222073656c65637461626c653d2231222073686f7773656c656374696f6e68616e646c65733d22302220616c6c6f776e756467696e673d223122206973616e6e6f746174696f6e3d22302220646f6e746175746f6c61796f75743d2230222067726f7570636f6c6c61707365643d2230222074616273746f703d2231222076697369626c653d22312220736e6170746f677269643d2231223e3c636f6e74726f6c3e3c646473786d6c6f626a65637473747265616d696e6974777261707065722062696e6172793d223231343333343132303830303030303038383136303030303933306530303030373835363334313230373030303030303134303130303030366630303732303036343030363530303732303037333030303030303030303030303030303030303030303030303030303030303030303030303030303030303030303030303030303030303030303030303030303030303030303030303030303030303030303030303030303030303030303030303030303030303030303030303030303030303030303030303030303030303030303030303030303030303030303030303030303030303030303030303030303030303030303030303030303030303030303030303030303030303030303030303030303030303030303030303030303030303030303030303030303030303030303030303030303030303030303030303030303030303030303030303030303030303030303030303030303030303030303030303030303030303030303030303030303030303030303030303030303030303030303030303030303030303030303030303030303030303030303030303030303030303030303030303030303030303030303030303030303030303030303030303030303030303030303030303030303030303030303030303030303030303030303030303030303030303030303030303030303030303030303030303030303030303030303030303030303030303030303030303030303030303030303030303030303030303031303030303030303530303030303035343030303030303263303030303030326330303030303032633030303030303334303030303030303030303030303030303030303030303232323930303030363531353030303030303030303030303264303130303030303730303030303030633030303030303037303030303030316330313030303030363039303030303632303730303030343830333030303031613034303030306466303230303030656330343030303032373036303030306231303330303030323730363030303063623037303030303535303530303030303030303030303030313030303030303838313630303030393330653030303030303030303030303034303030303030303430303030303030323030303030303032303030303030316330313030303066353061303030303030303030303030303130303030303033393133303030303036306130303030303030303030303030333030303030303033303030303030303230303030303030323030303030303163303130303030303630393030303030313030303030303030303030303030333931333030303033343033303030303030303030303030303030303030303030303030303030303032303030303030303230303030303031633031303030303036303930303030303030303030303030303030303030306431333130303030303932333030303030303030303030303030303030303030306430303030303030343030303030303034303030303030316330313030303030363039303030306161306130303030393030363030303037383536333431323034303030303030353630303030303030313030303030303031303030303030306230303030303030303030303030303031303030303030303230303030303030333030303030303034303030303030303530303030303030363030303030303037303030303030303830303030303030393030303030303061303030303030303430303030303036343030363230303666303030303030303730303030303036663030373230303634303036353030373230303733303030303030222f3e3c2f636f6e74726f6c3e3c6c61796f75746f626a6563743e3c646473786d6c6f626a3e3c70726f7065727479206e616d653d224163746976655461626c65566965774d6f6465222076616c75653d22312220766172747970653d2238222f3e3c70726f7065727479206e616d653d225461626c65566965774d6f64653a30222076616c75653d22342c302c3238342c302c323331302c312c313839302c352c313236302220766172747970653d2238222f3e3c70726f7065727479206e616d653d225461626c65566965774d6f64653a31222076616c75653d22322c302c3238342c302c323830352220766172747970653d2238222f3e3c70726f7065727479206e616d653d225461626c65566965774d6f64653a32222076616c75653d22322c302c3238342c302c323331302220766172747970653d2238222f3e3c70726f7065727479206e616d653d225461626c65566965774d6f64653a33222076616c75653d22322c302c3238342c302c323331302220766172747970653d2238222f3e3c70726f7065727479206e616d653d225461626c65566965774d6f64653a34222076616c75653d22342c302c3238342c302c323331302c31322c323733302c31312c313638302220766172747970653d2238222f3e3c2f646473786d6c6f626a3e3c2f6c61796f75746f626a6563743e3c73686170652067726f7570736861706569643d2230222067726f75706e6f64653d2230222f3e3c2f646473636f6e74726f6c3e3c646473636f6e74726f6c2073656d616e746963636f6f6b69653d2230313132306336663031303030303030363430303632303036663030303030303436303034623030356630303666303037323030363430303635303037323030363930303734303036353030366430303733303035663030366630303732303036343030363530303732303037333030303030302220636f6e74726f6c70726f6769643d224d534444532e506f6c796c696e652e3038302e312220746f6f6c7469703d2252656c6174696f6e736869702027464b5f6f726465726974656d735f6f726465727327206265747765656e20276f72646572732720616e6420276f726465726974656d732722206c6566743d22323434332220746f703d22313033383222206c6f676963616c69643d22332220636f6e74726f6c69643d223322206d617374657269643d2230222068696e74313d2230222068696e74323d2230222077696474683d2238313522206865696768743d223338313422206e6f726573697a653d223022206e6f6d6f76653d223022206e6f64656661756c74617474616368706f696e74733d223122206175746f647261673d2230222075736564656661756c7469646473686170653d2230222073656c65637461626c653d2231222073686f7773656c656374696f6e68616e646c65733d22302220616c6c6f776e756467696e673d223122206973616e6e6f746174696f6e3d22302220646f6e746175746f6c61796f75743d2230222067726f7570636f6c6c61707365643d2230222074616273746f703d2231222076697369626c653d22312220736e6170746f677269643d2230223e3c636f6e74726f6c3e3c646473786d6c6f626a3e3c706f6c796c696e6520656e64747970656473743d22302220656e64747970657372633d2232222075736572636f6c6f723d22313537393033323022206c696e657374796c653d223022206c696e6572656e6465723d22302220637573746f6d656e647479706564737469643d22302220637573746f6d656e647479706573726369643d2230222061646f726e7376697369626c653d2231223e3c61646f726e6d656e742070657263656e74706f733d2234392e323231373136303231323630342220636f6e74726f6c69643d2234222077696474683d223330353722206865696768743d223334342220736964653d223122206265686176696f723d2233222068696d65747269633d223131393022206469737466726f6d6c696e653d22313735222073746172746f626a3d22302220783d222d3338322220793d223132313335222076697369626c653d22302220616c6c6f776f7665726c61703d2231222075736570657263656e743d2231222f3e3c2f706f6c796c696e653e3c2f646473786d6c6f626a3e3c2f636f6e74726f6c3e3c6c61796f75746f626a6563743e3c646473786d6c6f626a2f3e3c2f6c61796f75746f626a6563743e3c636f6e6e6563746f7220736f7572636569643d223222206465737469643d22312220736f75726365617474616368706f696e743d223336222064657374617474616368706f696e743d22333722207365676d656e74656469746d6f64653d2230222062656e64706f696e74656469746d6f64653d2230222062656e64706f696e747669736962696c6974793d2230222072656c6174656469643d223022207669727475616c3d2230223e3c706f696e7420783d22323835302220793d223133353030222f3e3c706f696e7420783d22323835302220793d223131303831222f3e3c2f636f6e6e6563746f723e3c2f646473636f6e74726f6c3e3c646473636f6e74726f6c2073656d616e746963636f6f6b69653d22303166363333326164386335373432382220636f6e74726f6c70726f6769643d224d534444532e546578742e3038302e3122206c6566743d222d3338322220746f703d22313231333522206c6f676963616c69643d22342220636f6e74726f6c69643d223422206d617374657269643d2233222068696e74313d2230222068696e74323d2230222077696474683d223330353722206865696768743d2233343422206e6f726573697a653d223122206e6f6d6f76653d223022206e6f64656661756c74617474616368706f696e74733d223122206175746f647261673d2231222075736564656661756c7469646473686170653d2231222073656c65637461626c653d2231222073686f7773656c656374696f6e68616e646c65733d22312220616c6c6f776e756467696e673d223122206973616e6e6f746174696f6e3d22302220646f6e746175746f6c61796f75743d2231222067726f7570636f6c6c61707365643d2230222074616273746f703d2230222076697369626c653d22302220736e6170746f677269643d2230223e3c636f6e74726f6c3e3c646473786d6c6f626a65637473747265616d696e6974777261707065722062696e6172793d2230303032303030306631306230303030353830313030303030333030303030303030303030353030303038303038303030303830303130303030303031353030303130303030303039303031343434323031303030363534363136383666366436313134303034363030346230303566303036663030373230303634303036353030373230303639303037343030363530303664303037333030356630303666303037323030363430303635303037323030373330303030303030303030222f3e3c2f636f6e74726f6c3e3c6c61796f75746f626a6563743e3c646473786d6c6f626a2f3e3c2f6c61796f75746f626a6563743e3c73686170652067726f7570736861706569643d2230222067726f75706e6f64653d2230222f3e3c2f646473636f6e74726f6c3e3c646473636f6e74726f6c20636f6e74726f6c70726f6769643d227b36323341433037352d324337372d343837332d383833442d3933304234333634423442437d2220746f6f6c7469703d2270726f647563747322206c6566743d22302220746f703d223022206c6f676963616c69643d22352220636f6e74726f6c69643d223522206d617374657269643d2230222068696e74313d2230222068696e74323d2230222077696474683d223537363822206865696768743d223530303122206e6f726573697a653d223022206e6f6d6f76653d223022206e6f64656661756c74617474616368706f696e74733d223022206175746f647261673d2230222075736564656661756c7469646473686170653d2230222073656c65637461626c653d2231222073686f7773656c656374696f6e68616e646c65733d22302220616c6c6f776e756467696e673d223122206973616e6e6f746174696f6e3d22302220646f6e746175746f6c61796f75743d2230222067726f7570636f6c6c61707365643d2230222074616273746f703d2231222076697369626c653d22312220736e6170746f677269643d2231223e3c636f6e74726f6c3e3c646473786d6c6f626a65637473747265616d696e6974777261707065722062696e6172793d2232313433333431323038303030303030383831363030303038393133303030303738353633343132303730303030303031343031303030303730303037323030366630303634303037353030363330303734303037333030303030303030303030303030303030303030303030303030303030303030303030303030303030303030303030303030303030303030303030303030303030303030303030303030303030303030303030303030303030303030303030303030303030303030303030303030303030303030303030303030303030303030303030303030303030303030303030303030303030303030303030303030303030303030303030303030303030303030303030303030303030303030303030303030303030303030303030303030303030303030303030303030303030303030303030303030303030303030303030303030303030303030303030303030303030303030303030303030303030303030303030303030303030303030303030303030303030303030303030303030303030303030303030303030303030303030303030303030303030303030303030303030303030303030303030303030303030303030303030303030303030303030303030303030303030303030303030303030303030303030303030303030303030303030303030303030303030303030303030303030303030303030303030303030303030303030303030303030303030303030303030303030303030303030303030313030303030303035303030303030353430303030303032633030303030303263303030303030326330303030303033343030303030303030303030303030303030303030303032323239303030306162313730303030303030303030303032643031303030303038303030303030306330303030303030373030303030303163303130303030303630393030303036323037303030303438303330303030316130343030303064663032303030306563303430303030323730363030303062313033303030303237303630303030636230373030303035353035303030303030303030303030303130303030303038383136303030303839313330303030303030303030303030363030303030303036303030303030303230303030303030323030303030303163303130303030663530613030303030303030303030303031303030303030333931333030303037613035303030303030303030303030303130303030303030313030303030303032303030303030303230303030303031633031303030303036303930303030303130303030303030303030303030303339313330303030333430333030303030303030303030303030303030303030303030303030303030323030303030303032303030303030316330313030303030363039303030303030303030303030303030303030303064313331303030303039323330303030303030303030303030303030303030303064303030303030303430303030303030343030303030303163303130303030303630393030303061613061303030303930303630303030373835363334313230343030303030303561303030303030303130303030303030313030303030303062303030303030303030303030303030313030303030303032303030303030303330303030303030343030303030303035303030303030303630303030303030373030303030303038303030303030303930303030303030613030303030303034303030303030363430303632303036663030303030303039303030303030373030303732303036663030363430303735303036333030373430303733303030303030222f3e3c2f636f6e74726f6c3e3c6c61796f75746f626a6563743e3c646473786d6c6f626a3e3c70726f7065727479206e616d653d224163746976655461626c65566965774d6f6465222076616c75653d22312220766172747970653d2238222f3e3c70726f7065727479206e616d653d225461626c65566965774d6f64653a30222076616c75653d22342c302c3238342c302c323331302c312c313839302c352c313236302220766172747970653d2238222f3e3c70726f7065727479206e616d653d225461626c65566965774d6f64653a31222076616c75653d22322c302c3238342c302c323830352220766172747970653d2238222f3e3c70726f7065727479206e616d653d225461626c65566965774d6f64653a32222076616c75653d22322c302c3238342c302c323331302220766172747970653d2238222f3e3c70726f7065727479206e616d653d225461626c65566965774d6f64653a33222076616c75653d22322c302c3238342c302c323331302220766172747970653d2238222f3e3c70726f7065727479206e616d653d225461626c65566965774d6f64653a34222076616c75653d22342c302c3238342c302c323331302c31322c323733302c31312c313638302220766172747970653d2238222f3e3c2f646473786d6c6f626a3e3c2f6c61796f75746f626a6563743e3c73686170652067726f7570736861706569643d2230222067726f75706e6f64653d2230222f3e3c2f646473636f6e74726f6c3e3c646473636f6e74726f6c2073656d616e746963636f6f6b69653d2230316439393132383031303030303030363430303632303036663030303030303436303034623030356630303666303037323030363430303635303037323030363930303734303036353030366430303733303035663030373030303732303036663030363430303735303036333030373430303733303033313030303030302220636f6e74726f6c70726f6769643d224d534444532e506f6c796c696e652e3038302e312220746f6f6c7469703d2252656c6174696f6e736869702027464b5f6f726465726974656d735f70726f64756374733127206265747765656e202770726f64756374732720616e6420276f726465726974656d732722206c6566743d22323434332220746f703d223433303622206c6f676963616c69643d22362220636f6e74726f6c69643d223622206d617374657269643d2230222068696e74313d2230222068696e74323d2230222077696474683d2238313522206865696768743d223337343422206e6f726573697a653d223022206e6f6d6f76653d223022206e6f64656661756c74617474616368706f696e74733d223122206175746f647261673d2230222075736564656661756c7469646473686170653d2230222073656c65637461626c653d2231222073686f7773656c656374696f6e68616e646c65733d22302220616c6c6f776e756467696e673d223122206973616e6e6f746174696f6e3d22302220646f6e746175746f6c61796f75743d2230222067726f7570636f6c6c61707365643d2230222074616273746f703d2231222076697369626c653d22312220736e6170746f677269643d2230223e3c636f6e74726f6c3e3c646473786d6c6f626a3e3c706f6c796c696e6520656e64747970656473743d22302220656e64747970657372633d2232222075736572636f6c6f723d22313537393033323022206c696e657374796c653d223022206c696e6572656e6465723d22302220637573746f6d656e647479706564737469643d22302220637573746f6d656e647479706573726369643d2230222061646f726e7376697369626c653d2231223e3c61646f726e6d656e742070657263656e74706f733d2234372e393632333832343435313431312220636f6e74726f6c69643d2237222077696474683d223335343622206865696768743d223334342220736964653d223122206265686176696f723d2233222068696d65747269633d223131323622206469737466726f6d6c696e653d22313735222073746172746f626a3d22302220783d22333032352220793d2235393632222076697369626c653d22302220616c6c6f776f7665726c61703d2231222075736570657263656e743d2231222f3e3c2f706f6c796c696e653e3c2f646473786d6c6f626a3e3c2f636f6e74726f6c3e3c6c61796f75746f626a6563743e3c646473786d6c6f626a2f3e3c2f6c61796f75746f626a6563743e3c636f6e6e6563746f7220736f7572636569643d223522206465737469643d22312220736f75726365617474616368706f696e743d223337222064657374617474616368706f696e743d22333622207365676d656e74656469746d6f64653d2230222062656e64706f696e74656469746d6f64653d2230222062656e64706f696e747669736962696c6974793d2230222072656c6174656469643d223022207669727475616c3d2230223e3c706f696e7420783d22323835302220793d2235303031222f3e3c706f696e7420783d22323835302220793d2237333530222f3e3c2f636f6e6e6563746f723e3c2f646473636f6e74726f6c3e3c646473636f6e74726f6c2073656d616e746963636f6f6b69653d22303166363333326135386336373432382220636f6e74726f6c70726f6769643d224d534444532e546578742e3038302e3122206c6566743d22333032352220746f703d223539363222206c6f676963616c69643d22372220636f6e74726f6c69643d223722206d617374657269643d2236222068696e74313d2230222068696e74323d2230222077696474683d223335343622206865696768743d2233343422206e6f726573697a653d223122206e6f6d6f76653d223022206e6f64656661756c74617474616368706f696e74733d223122206175746f647261673d2231222075736564656661756c7469646473686170653d2231222073656c65637461626c653d2231222073686f7773656c656374696f6e68616e646c65733d22312220616c6c6f776e756467696e673d223122206973616e6e6f746174696f6e3d22302220646f6e746175746f6c61796f75743d2231222067726f7570636f6c6c61707365643d2230222074616273746f703d2230222076697369626c653d22302220736e6170746f677269643d2230223e3c636f6e74726f6c3e3c646473786d6c6f626a65637473747265616d696e6974777261707065722062696e6172793d2230303032303030306461306430303030353830313030303030333030303030303030303030353030303038303038303030303830303130303030303031353030303130303030303039303031343434323031303030363534363136383666366436313137303034363030346230303566303036663030373230303634303036353030373230303639303037343030363530303664303037333030356630303730303037323030366630303634303037353030363330303734303037333030333130303030303030303030222f3e3c2f636f6e74726f6c3e3c6c61796f75746f626a6563743e3c646473786d6c6f626a2f3e3c2f6c61796f75746f626a6563743e3c73686170652067726f7570736861706569643d2230222067726f75706e6f64653d2230222f3e3c2f646473636f6e74726f6c3e3c646473636f6e74726f6c20636f6e74726f6c70726f6769643d227b36323341433037352d324337372d343837332d383833442d3933304234333634423442437d2220746f6f6c7469703d2253746174757322206c6566743d22383130302220746f703d22313431303022206c6f676963616c69643d22382220636f6e74726f6c69643d223822206d617374657269643d2230222068696e74313d2230222068696e74323d2230222077696474683d223537363822206865696768743d223234363122206e6f726573697a653d223022206e6f6d6f76653d223022206e6f64656661756c74617474616368706f696e74733d223022206175746f647261673d2230222075736564656661756c7469646473686170653d2230222073656c65637461626c653d2231222073686f7773656c656374696f6e68616e646c65733d22302220616c6c6f776e756467696e673d223122206973616e6e6f746174696f6e3d22302220646f6e746175746f6c61796f75743d2230222067726f7570636f6c6c61707365643d2230222074616273746f703d2231222076697369626c653d22312220736e6170746f677269643d2231223e3c636f6e74726f6c3e3c646473786d6c6f626a65637473747265616d696e6974777261707065722062696e6172793d223231343333343132303830303030303038383136303030303964303930303030373835363334313230373030303030303134303130303030353330303734303036313030373430303735303037333030303030303030303030303030303030303030303030303030303030303030303030303030303030303030303030303030303030303030303030303030303030303030303030303030303030303030303030303030303030303030303030303030303030303030303030303030303030303030303030303030303030303030303030303030303030303030303030303030303030303030303030303030303030303030303030303030303030303030303030303030303030303030303030303030303030303030303030303030303030303030303030303030303030303030303030303030303030303030303030303030303030303030303030303030303030303030303030303030303030303030303030303030303030303030303030303030303030303030303030303030303030303030303030303030303030303030303030303030303030303030303030303030303030303030303030303030303030303030303030303030303030303030303030303030303030303030303030303030303030303030303030303030303030303030303030303030303030303030303030303030303030303030303030303030303030303030303030303030303030303030303030303030303030303030303030303030303030303031303030303030303530303030303035343030303030303263303030303030326330303030303032633030303030303334303030303030303030303030303030303030303030303232323930303030363531353030303030303030303030303264303130303030303730303030303030633030303030303037303030303030316330313030303030363039303030303632303730303030343830333030303031613034303030306466303230303030656330343030303032373036303030306231303330303030323730363030303063623037303030303535303530303030303030303030303030313030303030303838313630303030396430393030303030303030303030303032303030303030303230303030303030323030303030303032303030303030316330313030303066353061303030303030303030303030303130303030303033393133303030303761303530303030303030303030303030313030303030303031303030303030303230303030303030323030303030303163303130303030303630393030303030313030303030303030303030303030333931333030303033343033303030303030303030303030303030303030303030303030303030303032303030303030303230303030303031633031303030303036303930303030303030303030303030303030303030306431333130303030303932333030303030303030303030303030303030303030306430303030303030343030303030303034303030303030316330313030303030363039303030306161306130303030393030363030303037383536333431323034303030303030353630303030303030313030303030303031303030303030306230303030303030303030303030303031303030303030303230303030303030333030303030303034303030303030303530303030303030363030303030303037303030303030303830303030303030393030303030303061303030303030303430303030303036343030363230303666303030303030303730303030303035333030373430303631303037343030373530303733303030303030222f3e3c2f636f6e74726f6c3e3c6c61796f75746f626a6563743e3c646473786d6c6f626a3e3c70726f7065727479206e616d653d224163746976655461626c65566965774d6f6465222076616c75653d22312220766172747970653d2238222f3e3c70726f7065727479206e616d653d225461626c65566965774d6f64653a30222076616c75653d22342c302c3238342c302c323331302c312c313839302c352c313236302220766172747970653d2238222f3e3c70726f7065727479206e616d653d225461626c65566965774d6f64653a31222076616c75653d22322c302c3238342c302c323830352220766172747970653d2238222f3e3c70726f7065727479206e616d653d225461626c65566965774d6f64653a32222076616c75653d22322c302c3238342c302c323331302220766172747970653d2238222f3e3c70726f7065727479206e616d653d225461626c65566965774d6f64653a33222076616c75653d22322c302c3238342c302c323331302220766172747970653d2238222f3e3c70726f7065727479206e616d653d225461626c65566965774d6f64653a34222076616c75653d22342c302c3238342c302c323331302c31322c323733302c31312c313638302220766172747970653d2238222f3e3c2f646473786d6c6f626a3e3c2f6c61796f75746f626a6563743e3c73686170652067726f7570736861706569643d2230222067726f75706e6f64653d2230222f3e3c2f646473636f6e74726f6c3e3c646473636f6e74726f6c2073656d616e746963636f6f6b69653d22303131313063366630313030303030303634303036323030366630303030303034363030346230303566303036663030373230303634303036353030373230303733303035663030353330303734303036313030373430303735303037333030303030302220636f6e74726f6c70726f6769643d224d534444532e506f6c796c696e652e3038302e312220746f6f6c7469703d2252656c6174696f6e736869702027464b5f6f72646572735f53746174757327206265747765656e20275374617475732720616e6420276f72646572732722206c6566743d22353436382220746f703d22313438393322206c6f676963616c69643d22392220636f6e74726f6c69643d223922206d617374657269643d2230222068696e74313d2230222068696e74323d2230222077696474683d223239333222206865696768743d2238313522206e6f726573697a653d223022206e6f6d6f76653d223022206e6f64656661756c74617474616368706f696e74733d223122206175746f647261673d2230222075736564656661756c7469646473686170653d2230222073656c65637461626c653d2231222073686f7773656c656374696f6e68616e646c65733d22302220616c6c6f776e756467696e673d223122206973616e6e6f746174696f6e3d22302220646f6e746175746f6c61796f75743d2230222067726f7570636f6c6c61707365643d2230222074616273746f703d2231222076697369626c653d22312220736e6170746f677269643d2230223e3c636f6e74726f6c3e3c646473786d6c6f626a3e3c706f6c796c696e6520656e64747970656473743d22302220656e64747970657372633d2232222075736572636f6c6f723d22313537393033323022206c696e657374796c653d223022206c696e6572656e6465723d22302220637573746f6d656e647479706564737469643d22302220637573746f6d656e647479706573726369643d2230222061646f726e7376697369626c653d2231223e3c61646f726e6d656e742070657263656e74706f733d2234372e393632333832343435313431312220636f6e74726f6c69643d223130222077696474683d223234373922206865696768743d223334342220736964653d223122206265686176696f723d2233222068696d65747269633d223131313822206469737466726f6d6c696e653d22313735222073746172746f626a3d22302220783d22353639312220793d223135343735222076697369626c653d22302220616c6c6f776f7665726c61703d2231222075736570657263656e743d2231222f3e3c2f706f6c796c696e653e3c2f646473786d6c6f626a3e3c2f636f6e74726f6c3e3c6c61796f75746f626a6563743e3c646473786d6c6f626a2f3e3c2f6c61796f75746f626a6563743e3c636f6e6e6563746f7220736f7572636569643d223822206465737469643d22322220736f75726365617474616368706f696e743d223838222064657374617474616368706f696e743d22393722207365676d656e74656469746d6f64653d2230222062656e64706f696e74656469746d6f64653d2230222062656e64706f696e747669736962696c6974793d2230222072656c6174656469643d223022207669727475616c3d2230223e3c706f696e7420783d22383130302220793d223135333030222f3e3c706f696e7420783d22353736382220793d223135333030222f3e3c2f636f6e6e6563746f723e3c2f646473636f6e74726f6c3e3c646473636f6e74726f6c2073656d616e746963636f6f6b69653d22303166363333326165383664386432382220636f6e74726f6c70726f6769643d224d534444532e546578742e3038302e3122206c6566743d22353639312220746f703d22313534373522206c6f676963616c69643d2231302220636f6e74726f6c69643d22313022206d617374657269643d2239222068696e74313d2230222068696e74323d2230222077696474683d223234373922206865696768743d2233343422206e6f726573697a653d223122206e6f6d6f76653d223022206e6f64656661756c74617474616368706f696e74733d223122206175746f647261673d2231222075736564656661756c7469646473686170653d2231222073656c65637461626c653d2231222073686f7773656c656374696f6e68616e646c65733d22312220616c6c6f776e756467696e673d223122206973616e6e6f746174696f6e3d22302220646f6e746175746f6c61796f75743d2231222067726f7570636f6c6c61707365643d2230222074616273746f703d2230222076697369626c653d22302220736e6170746f677269643d2230223e3c636f6e74726f6c3e3c646473786d6c6f626a65637473747265616d696e6974777261707065722062696e6172793d22303030323030303061663039303030303538303130303030303330303030303030303030666666666666303030383030303038303031303030303030313530303031303030303030393030313434343230313030303635343631363836663664363131303030343630303462303035663030366630303732303036343030363530303732303037333030356630303533303037343030363130303734303037353030373330303030303030303030222f3e3c2f636f6e74726f6c3e3c6c61796f75746f626a6563743e3c646473786d6c6f626a2f3e3c2f6c61796f75746f626a6563743e3c73686170652067726f7570736861706569643d2230222067726f75706e6f64653d2230222f3e3c2f646473636f6e74726f6c3e3c646473636f6e74726f6c20636f6e74726f6c70726f6769643d227b36323341433037352d324337372d343837332d383833442d3933304234333634423442437d2220746f6f6c7469703d22757365727322206c6566743d22302220746f703d22313936353022206c6f676963616c69643d2231312220636f6e74726f6c69643d22313122206d617374657269643d2230222068696e74313d2230222068696e74323d2230222077696474683d223537363822206865696768743d223530303122206e6f726573697a653d223022206e6f6d6f76653d223022206e6f64656661756c74617474616368706f696e74733d223022206175746f647261673d2230222075736564656661756c7469646473686170653d2230222073656c65637461626c653d2231222073686f7773656c656374696f6e68616e646c65733d22302220616c6c6f776e756467696e673d223122206973616e6e6f746174696f6e3d22302220646f6e746175746f6c61796f75743d2230222067726f7570636f6c6c61707365643d2230222074616273746f703d2231222076697369626c653d22312220736e6170746f677269643d2231223e3c636f6e74726f6c3e3c646473786d6c6f626a65637473747265616d696e6974777261707065722062696e6172793d2232313433333431323038303030303030383831363030303038393133303030303738353633343132303730303030303031343031303030303735303037333030363530303732303037333030303030303030303030303030303030303030303030303030303030303030303030303030303030303030303030303030303030303030303030303030303030303030303030303030303030303030303030303030303030303030303030303030303030303030303030303030303030303030303030303030303030303030303030303030303030303030303030303030303030303030303030303030303030303030303030303030303030303030303030303030303030303030303030303030303030303030303030303030303030303030303030303030303030303030303030303030303030303030303030303030303030303030303030303030303030303030303030303030303030303030303030303030303030303030303030303030303030303030303030303030303030303030303030303030303030303030303030303030303030303030303030303030303030303030303030303030303030303030303030303030303030303030303030303030303030303030303030303030303030303030303030303030303030303030303030303030303030303030303030303030303030303030303030303030303030303030303030303030303030303030303030303030303030303030303030303030303030303030303030313030303030303035303030303030353430303030303032633030303030303263303030303030326330303030303033343030303030303030303030303030303030303030303032323239303030306162313730303030303030303030303032643031303030303038303030303030306330303030303030373030303030303163303130303030303630393030303036323037303030303438303330303030316130343030303064663032303030306563303430303030323730363030303062313033303030303237303630303030636230373030303035353035303030303030303030303030303130303030303038383136303030303839313330303030303030303030303030363030303030303036303030303030303230303030303030323030303030303163303130303030663530613030303030303030303030303031303030303030333931333030303037613035303030303030303030303030303130303030303030313030303030303032303030303030303230303030303031633031303030303036303930303030303130303030303030303030303030303339313330303030333430333030303030303030303030303030303030303030303030303030303030323030303030303032303030303030316330313030303030363039303030303030303030303030303030303030303064313331303030303039323330303030303030303030303030303030303030303064303030303030303430303030303030343030303030303163303130303030303630393030303061613061303030303930303630303030373835363334313230343030303030303534303030303030303130303030303030313030303030303062303030303030303030303030303030313030303030303032303030303030303330303030303030343030303030303035303030303030303630303030303030373030303030303038303030303030303930303030303030613030303030303034303030303030363430303632303036663030303030303036303030303030373530303733303036353030373230303733303030303030222f3e3c2f636f6e74726f6c3e3c6c61796f75746f626a6563743e3c646473786d6c6f626a3e3c70726f7065727479206e616d653d224163746976655461626c65566965774d6f6465222076616c75653d22312220766172747970653d2238222f3e3c70726f7065727479206e616d653d225461626c65566965774d6f64653a30222076616c75653d22342c302c3238342c302c323331302c312c313839302c352c313236302220766172747970653d2238222f3e3c70726f7065727479206e616d653d225461626c65566965774d6f64653a31222076616c75653d22322c302c3238342c302c323830352220766172747970653d2238222f3e3c70726f7065727479206e616d653d225461626c65566965774d6f64653a32222076616c75653d22322c302c3238342c302c323331302220766172747970653d2238222f3e3c70726f7065727479206e616d653d225461626c65566965774d6f64653a33222076616c75653d22322c302c3238342c302c323331302220766172747970653d2238222f3e3c70726f7065727479206e616d653d225461626c65566965774d6f64653a34222076616c75653d22342c302c3238342c302c323331302c31322c323733302c31312c313638302220766172747970653d2238222f3e3c2f646473786d6c6f626a3e3c2f6c61796f75746f626a6563743e3c73686170652067726f7570736861706569643d2230222067726f75706e6f64653d2230222f3e3c2f646473636f6e74726f6c3e3c646473636f6e74726f6c2073656d616e746963636f6f6b69653d223031613961393239303130303030303036343030363230303666303030303030343630303462303035663030366630303732303036343030363530303732303037333030356630303735303037333030363530303732303037333030303030302220636f6e74726f6c70726f6769643d224d534444532e506f6c796c696e652e3038302e312220746f6f6c7469703d2252656c6174696f6e736869702027464b5f6f72646572735f757365727327206265747765656e202775736572732720616e6420276f72646572732722206c6566743d22323434332220746f703d22313635333222206c6f676963616c69643d2231322220636f6e74726f6c69643d22313222206d617374657269643d2230222068696e74313d2230222068696e74323d2230222077696474683d2238313522206865696768743d223338313422206e6f726573697a653d223022206e6f6d6f76653d223022206e6f64656661756c74617474616368706f696e74733d223122206175746f647261673d2230222075736564656661756c7469646473686170653d2230222073656c65637461626c653d2231222073686f7773656c656374696f6e68616e646c65733d22302220616c6c6f776e756467696e673d223122206973616e6e6f746174696f6e3d22302220646f6e746175746f6c61796f75743d2230222067726f7570636f6c6c61707365643d2230222074616273746f703d2231222076697369626c653d22312220736e6170746f677269643d2230223e3c636f6e74726f6c3e3c646473786d6c6f626a3e3c706f6c796c696e6520656e64747970656473743d22302220656e64747970657372633d2232222075736572636f6c6f723d22313537393033323022206c696e657374796c653d223022206c696e6572656e6465723d22302220637573746f6d656e647479706564737469643d22302220637573746f6d656e647479706573726369643d2230222061646f726e7376697369626c653d2231223e3c61646f726e6d656e742070657263656e74706f733d2236302e3433393137373431333733332220636f6e74726f6c69643d223133222077696474683d223233333522206865696768743d223334342220736964653d223022206265686176696f723d2233222068696d65747269633d223134363222206469737466726f6d6c696e653d22313735222073746172746f626a3d22302220783d22333032352220793d223138303531222076697369626c653d22302220616c6c6f776f7665726c61703d2231222075736570657263656e743d2231222f3e3c2f706f6c796c696e653e3c2f646473786d6c6f626a3e3c2f636f6e74726f6c3e3c6c61796f75746f626a6563743e3c646473786d6c6f626a2f3e3c2f6c61796f75746f626a6563743e3c636f6e6e6563746f7220736f7572636569643d22313122206465737469643d22322220736f75726365617474616368706f696e743d223336222064657374617474616368706f696e743d22333722207365676d656e74656469746d6f64653d2230222062656e64706f696e74656469746d6f64653d2230222062656e64706f696e747669736962696c6974793d2230222072656c6174656469643d223022207669727475616c3d2230223e3c706f696e7420783d22323835302220793d223139363530222f3e3c706f696e7420783d22323835302220793d223137323331222f3e3c2f636f6e6e6563746f723e3c2f646473636f6e74726f6c3e3c646473636f6e74726f6c2073656d616e746963636f6f6b69653d22303166363333326161383666386432382220636f6e74726f6c70726f6769643d224d534444532e546578742e3038302e3122206c6566743d22333032352220746f703d22313830353122206c6f676963616c69643d2231332220636f6e74726f6c69643d22313322206d617374657269643d223132222068696e74313d2230222068696e74323d2230222077696474683d223233333522206865696768743d2233343422206e6f726573697a653d223122206e6f6d6f76653d223022206e6f64656661756c74617474616368706f696e74733d223122206175746f647261673d2231222075736564656661756c7469646473686170653d2231222073656c65637461626c653d2231222073686f7773656c656374696f6e68616e646c65733d22312220616c6c6f776e756467696e673d223122206973616e6e6f746174696f6e3d22302220646f6e746175746f6c61796f75743d2231222067726f7570636f6c6c61707365643d2230222074616273746f703d2230222076697369626c653d22302220736e6170746f677269643d2230223e3c636f6e74726f6c3e3c646473786d6c6f626a65637473747265616d696e6974777261707065722062696e6172793d223030303230303030316630393030303035383031303030303033303030303030303030306666666666663030303830303030383030313030303030303135303030313030303030303930303134343432303130303036353436313638366636643631306630303436303034623030356630303666303037323030363430303635303037323030373330303566303037353030373330303635303037323030373330303030303030303030222f3e3c2f636f6e74726f6c3e3c6c61796f75746f626a6563743e3c646473786d6c6f626a2f3e3c2f6c61796f75746f626a6563743e3c73686170652067726f7570736861706569643d2230222067726f75706e6f64653d2230222f3e3c2f646473636f6e74726f6c3e3c2f6464733e0d0a000000000000000000000000000000000000000000000000000000000000000000000000000000000000000000000000000000000000000000000000000000000000000000000000000000000000000000000000000000000000000000000000000000000000000000000000000000000000000000000000000000000000000000000000000000000000000000000000000000000000000000000000000000000000000000000000000000000000000000000000000000000000000000000000000000000000000000000000000000000000000000000000000000000000000000000000000000000000000000000000000000000000000000000000000000000000000000000000000000000000000000000000000000000000feffffff02000000030000000400000005000000060000000700000008000000090000000a0000000b0000000c0000000d000000fefffffffeffffffffffffffffffffffffffffffffffffffffffffffffffffffffffffffffffffffffffffffffffffffffffffffffffffffffffffffffffffffffffffffffffffffffffffffffffffffffffffffffffffffffffffffffffffffffffffffffffffffffffffffffffffffffffffffffffffffffffffffffffffffffffffffffffffffffffffffffffffffffffffffffffffffffffffffffffffffffffffffffffffffffffffffffffffffffffffffffffffffffffffffffffffffffffffffffffffffffffffffffffffffffffffffffffffffffffffffffffffffffffffffffffffffffffffffffffffffffffffffffffffffffffffffffffffffffffffffffffffffffffffffffffffffffffffffffffffffffffffffffffffffffffffffffffffffffffffffffffffffffffffffffffffffffffffffffffffffffffffffffffffffffffffffffffffffffffffffffffffffffffffffffffffffffffffffffffffffffffffffffffffffffffffffffffffffffffffffffffffffffffffffffffffffffffffffffffffffffffffffffffffffffffffffffffffffffffffffffffffffffffffffffffffffffffffffffffffffffffffffffffffffffffffffffffffffffffffff010003000000000000000c0000000b0000004e61bc00000000000000000000000000000000000000000000000000000000000000000000000000000000000000dbe6b0e91c81d011ad5100a0c90f57390000020050fb946dd2f4d901020200001048450000000000000000000000000000000000c20100004400610074006100200053006f0075007200630065003d0053004f004e005a0053005a003b0049006e0069007400690061006c00200043006100740061006c006f0067003d00730074006f00720065003b0049006e00740065006700720061007400650064002000530065006300750072006900740079003d0054007200750065003b004d0075006c007400690070006c0065002000410063007400690076006500200052006500730075006c007400200053006500740073003d00460061006c00730065003b0043006f006e006e006500630074002000540069006d0065006f00750074003d00330030003b005400720075007300740020005300650072007600650072002000430065007200740069006600690063006100740065003d00460061006c00730065003b005000610063006b00650074002000530069007a0065003d0034003000390036003b004100700070006c00690063006100740069006f006e0020004e0061006d0065003d0022004d006900630072006f0073006f00660074002000530051004c00200053006500720076006500720020004d0061006e006100670065006d0065006e0074002000530074007500640069006f002200000000800500140000004400690061006700720061006d005f003000000000022600160000006f0072006400650072006900740065006d007300000008000000640062006f000000000226000e0000006f0072006400650072007300000008000000640062006f0000000002260012000000700072006f0064007500630074007300000008000000640062006f000000000226000e000000530074006100740075007300000008000000640062006f000000000224000c00000075007300650072007300000008000000640062006f00000001000000d68509b3bb6bf2459ab8371664f0327008004e0000007b00310036003300340043004400440037002d0030003800380038002d0034003200450033002d0039004600410032002d004200360044003300320035003600330042003900310044007d0000000000000000000000000000000000010003000000000000000c0000000b000000000000000000000000000000000000000000000000000000000000000000000000000000000000000000000000000000000000000000000000000000000000000000000000000000000000000000000000000000000000000000000000000000000000000000000000000000000053006300680065006d00610020005500440056002000440065006600610075006c007400200050006f007300740020005600360000000000000000000000000036000200ffffffffffffffffffffffff0000000000000000000000000000000000000000000000000000000000000000000000000e00000012000000000000000000000000000000000000000000000000000000000000000000000000000000000000000000000000000000000000000000000000000000000000000000000000000000ffffffffffffffffffffffff0000000000000000000000000000000000000000000000000000000000000000000000000000000000000000000000000000000000000000000000000000000000000000000000000000000000000000000000000000000000000000000000000000000000000000000000000000000000000000ffffffffffffffffffffffff0000000000000000000000000000000000000000000000000000000000000000000000000000000000000000000000000000000000000000000000000000000000000000000000000000000000000000000000000000000000000000000000000000000000000000000000000000000000000000ffffffffffffffffffffffff00000000000000000000000000000000000000000000000000000000000000000000000000000000000000000000000062885214);
/*!40000 ALTER TABLE "sysdiagrams" ENABLE KEYS */;

-- Dumping structure for table store.users
DROP TABLE IF EXISTS "users";
CREATE TABLE IF NOT EXISTS "users" (
	"user_id" NVARCHAR(50) NOT NULL COLLATE 'SQL_Latin1_General_CP1_CI_AS',
	"name_user" VARCHAR(200) NULL DEFAULT NULL COLLATE 'SQL_Latin1_General_CP1_CI_AS',
	"email_user" VARCHAR(255) NULL DEFAULT NULL COLLATE 'SQL_Latin1_General_CP1_CI_AS',
	"address_user" VARCHAR(255) NULL DEFAULT NULL COLLATE 'SQL_Latin1_General_CP1_CI_AS',
	"phone_user" VARCHAR(20) NULL DEFAULT NULL COLLATE 'SQL_Latin1_General_CP1_CI_AS',
	"registration_date" DATE NULL DEFAULT NULL,
	PRIMARY KEY ("user_id")
);

-- Dumping data for table store.users: -1 rows
/*!40000 ALTER TABLE "users" DISABLE KEYS */;
INSERT INTO "users" ("user_id", "name_user", "email_user", "address_user", "phone_user", "registration_date") VALUES
	('2240ee7b-1657-43bb-96e7-c357e27468df', 'sonztz123', NULL, '123 Main St', NULL, '2023-10-03'),
	('3f88695b-b49c-41de-8c7b-d57d28f9e8e8', NULL, NULL, NULL, NULL, '0001-01-01'),
	('8589443b-1bcd-43bf-a32e-e91c19069251', 'nguy?n van son', 'nguyenvanson@gmail.com', 'Duong N?i Hà Ðông Hà N?i u', '037255270144543', '0001-01-01'),
	('adaac176-6356-4c2d-a3e1-928e51b5d21d', 'vanSon', 'son@gmail.com', 'kien truc ha noi', '0372552701', '0001-01-01'),
	('b3a8623a-c23a-4e0c-a12b-0f81b5d0c4b6', 'son2002e', 'dsfdsf@gmail.com', '123 Main St', '0365135', '2023-09-30'),
	('deed6960-932d-4762-91c2-dab72e4d5283', 'son2022', NULL, '', NULL, '2023-10-05'),
	('eb1562be-2899-45e7-ad47-e96ea5743361', NULL, NULL, NULL, NULL, '0001-01-01');
/*!40000 ALTER TABLE "users" ENABLE KEYS */;

-- Dumping structure for table store.__EFMigrationsHistory
DROP TABLE IF EXISTS "__EFMigrationsHistory";
CREATE TABLE IF NOT EXISTS "__EFMigrationsHistory" (
	"MigrationId" NVARCHAR(150) NOT NULL COLLATE 'SQL_Latin1_General_CP1_CI_AS',
	"ProductVersion" NVARCHAR(32) NOT NULL COLLATE 'SQL_Latin1_General_CP1_CI_AS',
	PRIMARY KEY ("MigrationId")
);

-- Dumping data for table store.__EFMigrationsHistory: -1 rows
/*!40000 ALTER TABLE "__EFMigrationsHistory" DISABLE KEYS */;
INSERT INTO "__EFMigrationsHistory" ("MigrationId", "ProductVersion") VALUES
	('20230922180226_InitialCreate', '7.0.11'),
	('20230923031437_AddAddressAndDateTimeToApplicationUser', '7.0.11');
/*!40000 ALTER TABLE "__EFMigrationsHistory" ENABLE KEYS */;

/*!40103 SET TIME_ZONE=IFNULL(@OLD_TIME_ZONE, 'system') */;
/*!40101 SET SQL_MODE=IFNULL(@OLD_SQL_MODE, '') */;
/*!40014 SET FOREIGN_KEY_CHECKS=IFNULL(@OLD_FOREIGN_KEY_CHECKS, 1) */;
/*!40101 SET CHARACTER_SET_CLIENT=@OLD_CHARACTER_SET_CLIENT */;
/*!40111 SET SQL_NOTES=IFNULL(@OLD_SQL_NOTES, 1) */;
